taxid	name	clade_reads	direct_reads	percent
80878	Acidovorax temperans	6612	6612	2.89
252130	Uruburuella suis	5113	5113	2.23
1501662	Streptococcus parasuis	4580	4580	2.00
1904944	Stenotrophomonas sp. LM091	4242	4242	1.85
1537215	Pseudooceanicola algae	3876	3876	1.69
1868793	Jeotgalibaca porci	3821	3821	1.67
1482074	Hartmannibacter diazotrophicus	3607	3607	1.58
1622	Ligilactobacillus murinus	3562	3445	1.56
225991	Comamonas aquatica	2919	2919	1.27
216929	Mycolicibacterium psychrotolerans	2706	2706	1.18
2067960	Pseudazoarcus pumilus	2682	2682	1.17
2576756	Caproicibacter fermentans	2634	2634	1.15
372663	Isoptericola dokdonensis	2549	0	1.11
913	Nitrobacter winogradskyi	2281	0	1.00
1097	Chlorobaculum tepidum	2271	0	0.99
43948	Tolumonas auensis	1916	74	0.84
45851	Butyrivibrio crossotus	1910	1910	0.83
182337	Erwinia billingiae	1906	115	0.83
83265	Aminobacter niigataensis	1903	1903	0.83
2518989	Aequoribacter fuscus	1838	1838	0.80
1882682	Microvirga ossetica	1779	1779	0.78
1891644	Epidermidibacterium keratini	1742	1742	0.76
34002	Paracoccus alcaliphilus	1685	1685	0.74
2004710	Cloacibacterium caeni	1631	1631	0.71
379895	Comamonas odontotermitis	1598	1598	0.70
280145	Acinetobacter colistiniresistens	1588	1588	0.69
1810504	Immundisolibacter cernigliae	1499	1499	0.65
42906	Serratia entomophila	1484	1484	0.65
1912897	Blautia argi	1407	1407	0.61
34073	Variovorax paradoxus	1387	14	0.61
593909	Mesorhizobium opportunistum	1354	8	0.59
756892	Acinetobacter indicus	1327	1327	0.58
2890321	Sphingomonas radiodurans	1321	1321	0.58
402297	Nocardioides daphniae	1301	1301	0.57
797291	Sphingobacterium lactis	1258	1258	0.55
2730847	Pseudomonas sp. ADAK13	1256	1256	0.55
61648	Kluyvera intermedia	1244	1244	0.54
2004650	Acinetobacter chinensis	1240	1240	0.54
2929799	Chryseobacterium oryzae	1222	1222	0.53
426114	Thiomonas arsenitoxydans	1202	1202	0.53
174587	Carnobacterium viridans	1171	1171	0.51
1282737	Flaviflexus salsibiostraticola	1164	1164	0.51
217203	Achromobacter spanius	1148	1148	0.50
640205	Pseudomonas seleniipraecipitans	1101	1101	0.48
926	Thiomonas intermedia	1095	1095	0.48
47735	Bibersteinia trehalosi	1074	249	0.47
2109914	Ottowia oryzae	1055	1055	0.46
2756	Brochothrix thermosphacta	1048	694	0.46
1282863	Uruburuella testudinis	1028	1028	0.45
29405	Microlunatus phosphovorus	1018	0	0.44
2891210	Thiothrix litoralis	996	996	0.44
1972431	Phytobacter ursingii	995	995	0.43
1778675	Chromobacterium rhizoryzae	991	991	0.43
1620215	Sulfuricaulis limicola	986	986	0.43
240521	Rhizobium daejeonense	980	980	0.43
1538553	Methylomonas denitrificans	977	977	0.43
1871111	Acinetobacter defluvii	969	969	0.42
2527983	Caulifigura coniformis	969	969	0.42
53458	Janibacter limosus	955	955	0.42
2917790	Wielerella bovis	952	952	0.42
352475	Shinella zoogloeoides	951	951	0.42
2815358	Leclercia pneumoniae	948	948	0.41
2479546	Vibrio zhugei	940	940	0.41
2697032	Xylophilus rhododendri	938	938	0.41
1549858	Sphingomonas taxi	938	938	0.41
3019968	Pseudomonas sp. MM227	918	918	0.40
1701758	Aureimonas populi	912	912	0.40
312277	Flavobacterium indicum	897	0	0.39
569860	Methylovirgula ligni	839	839	0.37
1849015	Arcobacter acticola	830	830	0.36
1534348	Mycolicibacterium sarraceniae	822	822	0.36
89154	Corynebacterium terpenotabidum	803	0	0.35
2163011	Orrella marina	787	787	0.34
2509455	Agromyces protaetiae	777	777	0.34
2807096	Neotabrizicola shimadae	765	765	0.33
517719	Pseudooceanicola nitratireducens	745	745	0.33
1748967	Citrobacter cronae	739	739	0.32
293089	Martelella mediterranea	739	0	0.32
2764705	Sideroxyarcus emersonii	734	734	0.32
2834768	Pseudochrobactrum algeriensis	732	732	0.32
2592654	Protaetiibacter larvae	726	726	0.32
43675	Rothia mucilaginosa	722	12	0.32
1296669	Aquabacterium olei	718	718	0.31
1079	Blastochloris viridis	716	716	0.31
1745854	Ancylobacter pratisalsi	714	714	0.31
1335048	Frigidibacter mobilis	705	705	0.31
2483798	Nocardioides pantholopis	701	701	0.31
57320	Pseudodesulfovibrio profundus	697	697	0.30
3047478	Achromobacter seleniivolatilans	689	689	0.30
1493872	Chryseobacterium shandongense	685	685	0.30
912630	Microbacterium sp. LKL04	676	676	0.30
2509459	Xylanimonas allomyrinae	675	675	0.29
415229	Pseudoxanthomonas spadix	674	0	0.29
212765	Mycolicibacterium madagascariense	673	673	0.29
2792978	Gardnerella leopoldii	662	662	0.29
1850254	Poseidonibacter parvus	651	651	0.28
2831662	Gordonia pseudamarae	646	646	0.28
2161816	Tessaracoccus timonensis	641	641	0.28
400770	Devosia ginsengisoli	639	639	0.28
1852381	Duodenibacillus massiliensis	635	635	0.28
2822368	Lysobacter luteus	631	631	0.28
103733	Saccharothrix syringae	631	631	0.28
334852	Methylobacterium oryzae	618	612	0.27
33052	Sphingopyxis terrae	613	0	0.27
185951	Sphingomonas aerolata	604	604	0.26
11	Cellulomonas gilvus	602	0	0.26
406548	Aquisphaera giovannonii	599	599	0.26
331696	Pseudolabrys taiwanensis	598	598	0.26
656179	Pandoraea faecigallinarum	594	594	0.26
2487074	Kaistella daneshvariae	594	594	0.26
1986204	Brevefilum fermentans	591	591	0.26
84110	Slackia heliotrinireducens	587	572	0.26
97478	Limosilactobacillus mucosae	586	255	0.26
2714358	Pusillibacter faecalis	579	579	0.25
1926868	Paenacidovorax monticola	575	575	0.25
1691904	Pseudomonas sediminis	574	574	0.25
1785161	Pseudomonas wadenswilerensis	572	572	0.25
946333	Piscinibacter gummiphilus	566	566	0.25
1288636	Ornithinimicrobium flavum	560	560	0.24
2599297	Sphingomonas suaedae	557	557	0.24
53461	Nakamurella multipartita	554	0	0.24
81475	Frateuria aurantia	552	0	0.24
2759526	Sphingomonas aliaeris	547	547	0.24
2109913	Melaminivora suipulveris	542	542	0.24
738	Glaesserella parasuis	538	436	0.23
1353891	Achromobacter deleyi	535	535	0.23
266951	Qipengyuania seohaensis	534	534	0.23
2006115	Acinetobacter piscicola	525	525	0.23
502394	Deinococcus gobiensis	525	0	0.23
552	Erwinia amylovora	518	507	0.23
1623	Ligilactobacillus ruminis	513	67	0.22
29442	Pseudomonas tolaasii	506	506	0.22
96232	Legionella lytica	504	504	0.22
1398	Heyndrickxia coagulans	502	485	0.22
894	Desulfobulbus propionicus	502	0	0.22
1225769	Paludibacterium paludis	500	500	0.22
449461	Nocardioides humi	499	499	0.22
2585118	Alistipes communis	494	494	0.22
2763056	Oscillibacter hominis	486	486	0.21
1437009	Chenggangzhangella methanolivorans	485	485	0.21
85698	Achromobacter xylosoxidans	481	44	0.21
2950074	Acinetobacter sp. C32I	473	473	0.21
416169	Rhodanobacter thiooxydans	459	459	0.20
2615214	Burkholderia perseverans	451	451	0.20
683042	Leucobacter denitrificans	451	451	0.20
2842357	Pseudomonas muyukensis	438	438	0.19
2608999	Cupriavidus cauae	436	436	0.19
2829499	Tessaracoccus palaemonis	435	435	0.19
3115209	Janibacter sp. A1S7	430	430	0.19
106590	Cupriavidus necator	425	418	0.19
2714353	Vescimonas fastidiosa	423	423	0.18
2816950	Ottowia testudinis	419	419	0.18
1305	Streptococcus sanguinis	416	44	0.18
506591	Leisingera caerulea	409	409	0.18
33069	Pseudomonas viridiflava	402	402	0.18
2604832	Pseudomonas lalkuanensis	395	395	0.17
283811	Stackebrandtia nassauensis	383	0	0.17
2184083	Pseudothauera hydrothermalis	380	380	0.17
441209	Rhodobaca barguzinensis	374	374	0.16
1612173	Niveispirillum cyanobacteriorum	374	374	0.16
545619	Paraoerskovia marina	374	374	0.16
153491	Alysiella crassa	373	373	0.16
273677	Microbacterium oleivorans	373	373	0.16
2116657	Pulveribacter suum	367	367	0.16
36805	Microbacterium aurum	356	356	0.16
2419774	Protaetiibacter intestinalis	356	356	0.16
2782006	Mongoliitalea daihaiensis	356	356	0.16
1492737	Flavobacterium gilvum	346	346	0.15
359110	Pseudomonas extremaustralis	344	344	0.15
1160721	Ruminococcus bicirculans (ex Wegman et al. 2014)	339	339	0.15
2650157	Bacteroides zhangwenhongii	339	339	0.15
2754694	Chryseobacterium manosquense	338	338	0.15
67827	Citrobacter werkmanii	334	334	0.15
1776741	Acinetobacter proteolyticus	334	334	0.15
1751056	Flavobacterium ammonificans	332	332	0.15
2614638	Microbacterium caowuchunii	331	331	0.14
947919	Desulfosarcina widdelii	330	330	0.14
52	Chondromyces crocatus	323	323	0.14
1758194	Achromobacter sp. AONIH1	319	319	0.14
1306787	Isoalcanivorax pacificus	317	0	0.14
164759	Diaphorobacter nitroreducens	315	315	0.14
279113	Collimonas pratensis	314	314	0.14
35554	Geobacter sulfurreducens	313	297	0.14
53408	Pseudomonas citronellolis	312	312	0.14
2842354	Pseudomonas maumuensis	309	309	0.13
84292	Microbacterium chocolatum	306	306	0.13
2861782	Paraburkholderia edwinii	304	304	0.13
2795215	Brachybacterium halotolerans	295	0	0.13
261299	Intestinibacter bartlettii	295	295	0.13
79604	Denitrobacterium detoxificans	294	294	0.13
2740185	Geomonas paludis	291	291	0.13
2763672	Simiaoa sunii	288	288	0.13
85968	Mycolicibacterium brumae	279	279	0.12
182640	Kribbella flavida	276	0	0.12
93944	Nonomuraea gerenzanensis	275	275	0.12
651	Aeromonas media	273	273	0.12
158899	Collimonas fungivorans	270	119	0.12
1499308	Paracoccus mutanolyticus	263	263	0.11
245188	Yoonia vestfoldensis	260	260	0.11
40567	Actinosynnema mirum	260	0	0.11
1575	Leifsonia xyli	256	0	0.11
1682490	Ferrigenium kumadai	254	254	0.11
180957	Pectobacterium brasiliense	251	251	0.11
2026240	Klebsiella quasivariicola	250	250	0.11
2949664	Paraconexibacter antarcticus	250	250	0.11
3027225	Stenotrophomonas sp. BIO128-Bstrain	249	249	0.11
2929800	Chryseobacterium suipulveris	249	249	0.11
2546350	Citrobacter arsenatis	247	247	0.11
1879050	Acinetobacter wuhouensis	246	246	0.11
154981	Aliiroseovarius crassostreae	244	244	0.11
300028	Rhodococcus triatomae	240	240	0.10
370526	Mycolicibacterium rutilum	239	239	0.10
2898793	Frateuria edaphi	236	236	0.10
73044	Streptomyces seoulensis	236	236	0.10
2860286	Achromobacter sp. ES-001	234	234	0.10
17	Methylophilus methylotrophus	234	234	0.10
2715164	Acinetobacter shaoyimingii	232	232	0.10
453304	Agromyces aureus	232	232	0.10
665913	Mixta calida	230	230	0.10
361111	Desulfoglaeba alkanexedens	230	0	0.10
758802	Mycolicibacterium litorale	229	229	0.10
1945662	Paracoccus contaminans	228	228	0.10
52133	Acinetobacter venetianus	224	0	0.10
2865840	Deefgea tanakiae	224	224	0.10
1084	Pararhodospirillum photometricum	224	0	0.10
1624	Ligilactobacillus salivarius	224	221	0.10
2259595	Runella rosea	224	224	0.10
3133721	Sediminicoccus sp. KRV36	221	221	0.10
131568	Kineococcus radiotolerans	220	0	0.10
161493	Anaeromyxobacter dehalogenans	218	0	0.10
2202148	Azospirillum thermophilum	217	217	0.09
1935379	Leucobacter muris	213	213	0.09
217204	Achromobacter insolitus	212	212	0.09
1550733	Aquisediminimonas profunda	207	207	0.09
1639108	Chania multitudinisentens	205	0	0.09
370777	Arenimonas daejeonensis	204	204	0.09
2259340	Paracoccus suum	202	202	0.09
69	Lysobacter enzymogenes	198	198	0.09
314722	Pseudoxanthomonas suwonensis	197	3	0.09
511	Alcaligenes faecalis	196	196	0.09
2895947	Flavobacterium cyclinae	194	194	0.08
666685	Rhodanobacter denitrificans	193	193	0.08
356302	Chitinimonas koreensis	193	193	0.08
332249	Truepera radiovictrix	193	139	0.08
2778948	Halomonas bluephagenesis	188	188	0.08
37927	Sinomonas atrocyanea	188	188	0.08
279058	Collimonas arenae	187	187	0.08
971	Selenomonas ruminantium	187	0	0.08
504468	Rhodovastum atsumiense	186	186	0.08
28026	Bifidobacterium pseudocatenulatum	185	163	0.08
1560345	Sphingomonas panacis	183	183	0.08
392593	Inhella inkyongensis	181	181	0.08
1392877	Pseudomonas oryzae	179	179	0.08
748811	Sulfuritalea hydrogenivorans	179	0	0.08
2663009	Fusobacterium pseudoperiodonticum	179	179	0.08
2778082	Rhodanobacter sp. FDAARGOS 1247	178	178	0.08
379893	Trabulsiella odontotermitis	177	177	0.08
2871820	Shinella oryzae	177	177	0.08
388357	Kocuria turfanensis	176	176	0.08
1198456	Pseudomonas guguanensis	173	173	0.08
126673	Mycolicibacterium doricum	173	173	0.08
1082851	Comamonas serinivorans	172	172	0.08
2745514	Pseudomonas salmasensis	168	168	0.07
2282475	Achromobacter sp. B7	167	167	0.07
1940612	Pigmentiphaga aceris	166	166	0.07
1967501	Shinella sumterensis	166	166	0.07
105219	Ralstonia mannitolilytica	163	163	0.07
318424	Mycolicibacterium rufum	163	163	0.07
2528964	Xanthobacter dioxanivorans	161	161	0.07
41899	Burkholderia plantarii	160	160	0.07
418240	Blautia wexlerae	160	0	0.07
2591109	Casimicrobium huifangae	159	159	0.07
2714355	Vescimonas coprocola	159	159	0.07
1534	Clostridium kluyveri	159	159	0.07
32002	Achromobacter denitrificans	155	155	0.07
1306519	Flavobacterium commune	154	154	0.07
2883106	Halomonas sp. NyZ770	151	151	0.07
319707	Mycolicibacterium aubagnense	151	151	0.07
223390	Ancylobacter polymorphus	150	150	0.07
225326	Corynebacterium halotolerans	150	0	0.07
397865	Barnesiella viscericola	149	0	0.07
42197	Actinosynnema pretiosum	147	147	0.06
2781599	Streptococcus oriscaviae	147	147	0.06
948519	Aeromonas rivipollensis	144	144	0.06
2779518	Blautia liquoris	144	144	0.06
546	Citrobacter freundii	143	143	0.06
121719	Pannonibacter phragmitetus	141	141	0.06
255507	Aliarcobacter cibarius	140	140	0.06
2891570	Pseudocitrobacter corydidari	139	139	0.06
69395	Caulobacter henricii	138	138	0.06
419476	Nocardioides marinisabuli	138	138	0.06
338565	Erwinia tasmaniensis	137	0	0.06
1278212	Arcobacter suis	137	0	0.06
2598579	Limnoglobus roseus	137	137	0.06
1859	Frankia alni	136	0	0.06
2792603	Acidihalobacter aeolianus	135	135	0.06
853	Faecalibacterium prausnitzii	135	76	0.06
1061	Rhodobacter capsulatus	134	0	0.06
55518	Magnetospirillum gryphiswaldense	132	110	0.06
262324	Lysobacter gummosus	129	129	0.06
2732067	Usitatibacter rugosus	129	129	0.06
649841	Sulfuricella denitrificans	128	0	0.06
1075	Fuscovulum blasticum	128	128	0.06
1610493	Tessaracoccus flavus	128	128	0.06
2108523	Lawsonibacter asaccharolyticus	128	128	0.06
173480	Gemmatimonas aurantiaca	128	0	0.06
183795	Pseudomonas mediterranea	126	126	0.06
2320868	Clostridium manihotivorum	124	124	0.05
3046274	Xanthomonas rydalmerensis	123	123	0.05
1608473	Acinetobacter sp. NCu2D-2	122	122	0.05
1363	Lactococcus garvieae	121	121	0.05
128780	Stenotrophomonas acidaminiphila	118	118	0.05
3136561	Pseudomonas sp. TMP25	117	117	0.05
1404411	Bradyrhizobium septentrionale	117	117	0.05
2584944	Sutterella faecalis	115	115	0.05
1297617	Intestinimonas butyriciproducens	115	115	0.05
3022791	Stutzerimonas decontaminans	114	114	0.05
48296	Acinetobacter pittii	113	113	0.05
2213200	Nocardia mangyaensis	113	113	0.05
630515	Microlunatus soli	113	113	0.05
1917441	Streptococcus ruminantium	113	113	0.05
1914243	Citrobacter europaeus	111	111	0.05
864828	Pseudoduganella umbonata	111	111	0.05
76761	Pseudomonas veronii	109	109	0.05
2055955	Tsuneonella flava	109	109	0.05
1652028	Brachybacterium huguangmaarense	108	108	0.05
2967130	Pelagibacterium sp. 26DY04	107	107	0.05
419479	Jiangella alkaliphila	107	107	0.05
119484	Syntrophobacter fumaroxidans	106	0	0.05
2775920	Stenotrophomonas sp. CW117	105	105	0.05
2069367	Achromobacter veterisilvae	105	105	0.05
37331	Pseudonocardia petroleophila	105	105	0.05
2599595	Pseudomonas eucalypticola	104	104	0.05
2686094	Terricaulis silvestris	104	104	0.05
659012	Agromyces soli	104	104	0.05
2745510	Pseudomonas zeae	103	103	0.04
670052	Cryobacterium arcticum	102	102	0.04
1871021	Lachnoclostridium phocaeense	102	102	0.04
163011	Pseudomonas lini	100	100	0.04
2867233	Qipengyuania aurantiaca	100	100	0.04
2774190	Brevundimonas goettingensis	98	98	0.04
58169	Rahnella inusitata	96	96	0.04
55209	Pantoea cypripedii	95	95	0.04
1748	Acidipropionibacterium acidipropionici	92	92	0.04
1355477	Bradyrhizobium diazoefficiens	90	90	0.04
199596	Methylocella silvestris	90	0	0.04
675281	Aquibium microcysteis	89	89	0.04
2899123	Sphingomonas cannabina	86	86	0.04
507626	Halomonas chromatireducens	85	85	0.04
1881016	Achromobacter sp. MFA1 R4	85	85	0.04
2093856	Butyricimonas faecalis	85	85	0.04
1842727	Rhodoferax koreense	84	84	0.04
1522312	Kingella negevensis	83	83	0.04
489632	Pseudomonas chengduensis	82	82	0.04
207340	Roseomonas mucosa	82	82	0.04
156977	Microbacterium resistens	80	80	0.03
46351	Mycolicibacterium hassiacum	80	0	0.03
1810	Mycolicibacterium vaccae	80	0	0.03
323284	Alcaligenes aquatilis	79	79	0.03
431306	Acetobacter ghanensis	78	78	0.03
216465	Polaromonas naphthalenivorans	77	0	0.03
271420	Stutzerimonas xanthomarina	74	74	0.03
1183413	Agrobacterium salinitolerans	74	74	0.03
1072463	Microbacterium lemovicicum	74	74	0.03
376805	Phocaeicola salanitronis	73	0	0.03
47878	Pseudomonas azotoformans	72	72	0.03
1176533	Luteimonas granuli	72	72	0.03
470	Acinetobacter baumannii	72	71	0.03
2824561	Luteolibacter ambystomatis	72	72	0.03
186931	Thioalkalivibrio nitratireducens	71	0	0.03
1353889	Achromobacter pestifer	71	71	0.03
2823043	Roseovarius sp. SCSIO 43702	70	70	0.03
2320140	Arcobacter peruensis	70	70	0.03
2842355	Pseudomonas fakonensis	69	69	0.03
2565782	Luteimonas yindakuii	69	69	0.03
85404	Mannheimia varigena	69	62	0.03
576610	Polynucleobacter necessarius	69	69	0.03
1646498	Acinetobacter sp. TTH0-4	68	68	0.03
2283318	Aquirhabdus parva	68	68	0.03
75385	Micropruina glycogenica	67	67	0.03
2931382	Pseudomonas sp. PIA16	66	66	0.03
114616	Methylobacterium nodulans	66	0	0.03
433286	Anaerocolumna cellulosilytica	66	66	0.03
56464	Xanthomonas theicola	65	65	0.03
2809020	Paralysiella testudinis	64	64	0.03
400061	Paludibacterium yongneupense	64	64	0.03
267128	Sphingopyxis granuli	64	64	0.03
13690	Sphingobium yanoikuyae	64	64	0.03
1906274	Microbacterium sp. JZ31	64	64	0.03
797277	Halopseudomonas litoralis	63	63	0.03
1532023	Qipengyuania sediminis	63	63	0.03
2339259	Yersinia hibernica	62	62	0.03
3048607	Pseudomonas sp. CCC3.1	61	61	0.03
2774460	Pseudomonas allokribbensis	61	61	0.03
1580596	Phaeobacter piscinae	61	61	0.03
319706	Mycolicibacterium phocaicum	61	61	0.03
317577	Deinococcus ficus	61	61	0.03
2852098	Kaistella faecalis	61	61	0.03
3031330	Rhodanobacter sp. AS-Z3	60	60	0.03
302406	Advenella mimigardefordensis	60	0	0.03
758793	Caballeronia insecticola	59	59	0.03
2782568	Qipengyuania soli	58	58	0.03
2675754	Occultella kanbiaonis	58	58	0.03
1419277	Bradyrhizobium brasilense	57	57	0.02
1099853	Coprobacter fastidiosus	57	57	0.02
47879	Pseudomonas corrugata	56	56	0.02
82541	Cupriavidus gilardii	55	55	0.02
1177712	Komagataeibacter medellinensis	55	0	0.02
1778540	Dickeya fangzhongdai	54	54	0.02
2795387	Lysobacter arenosi	54	54	0.02
190148	Bradyrhizobium paxllaeri	54	54	0.02
1273	Micrococcus lylae	54	54	0.02
1387353	Paludisphaera borealis	54	54	0.02
2493673	Mesorhizobium sp. M1B.F.Ca.ET.045.04.1.1	53	53	0.02
2109687	Oscillibacter sp. PEA192	53	53	0.02
3120518	Acinetobacter sp. KS-LM10	52	52	0.02
157592	Sterolibacterium denitrificans	52	52	0.02
3048582	Cryobacterium sp. 10S3	52	52	0.02
2897181	Flavobacterium channae	51	51	0.02
329854	Bacteroides intestinalis	51	51	0.02
346	Xanthomonas citri	50	0	0.02
246787	Bacteroides cellulosilyticus	50	50	0.02
80816	Haliangium ochraceum	50	0	0.02
93219	Pandoraea norimbergensis	49	49	0.02
2609668	Acinetobacter sp. C16S1	48	48	0.02
358	Agrobacterium tumefaciens	48	48	0.02
2911495	Sphingopyxis sp. BSN-002	48	48	0.02
28090	Acinetobacter lwoffii	47	47	0.02
1267217	Melaminivora jejuensis	47	47	0.02
2202825	Methylobacterium durans	47	47	0.02
28097	Ralstonia syzygii	46	39	0.02
34029	Leptothrix cholodnii	46	0	0.02
2560053	Paracoccus liaowanqingii	46	46	0.02
1358	Lactococcus lactis	46	24	0.02
2906076	Flavobacterium covae	46	46	0.02
44742	Desulfovibrio fairfieldensis	46	46	0.02
2745495	Pseudomonas vanderleydeniana	45	45	0.02
571913	Luteipulveratus mongoliensis	45	45	0.02
1352	Enterococcus faecium	45	45	0.02
122355	Pseudomonas psychrophila	44	44	0.02
2894079	Pseudomonas oryziphila	44	44	0.02
1589	Lactiplantibacillus pentosus	44	42	0.02
2972478	Pseudomonas sp. LS1212	43	43	0.02
2661630	Venatoribacter cucullus	43	43	0.02
1288495	Diaphorobacter aerolatus	43	43	0.02
1940610	Phreatobacter stygius	43	43	0.02
2866808	Pseudomonas sp. MM211	42	42	0.02
1799	Mycolicibacterium aichiense	42	42	0.02
627624	Nocardioides panacisoli	42	42	0.02
292800	Flavonifractor plautii	42	42	0.02
2780922	Solibaculum mannosilyticum	42	42	0.02
73010	Aeromonas encheleia	41	41	0.02
1055487	Methylotenera versatilis	41	0	0.02
2846775	Subtercola sp. PAMC28395	41	41	0.02
1866	Actinoplanes missouriensis	41	0	0.02
65656	Hydrogenophaga taeniospiralis	40	40	0.02
2756133	Achromobacter sp. 77	40	40	0.02
1136941	Gordonia phthalatica	40	40	0.02
303	Pseudomonas putida	39	18	0.02
40214	Acinetobacter johnsonii	39	38	0.02
28068	Rubrivivax gelatinosus	39	0	0.02
451876	Rhizobium rhizoryzae	39	39	0.02
1897060	Cryobacterium sp. SO2	39	39	0.02
279828	Microcella alkaliphila	39	39	0.02
1855380	Pseudomonas sp. Z003-0.4C(8344-21)	38	38	0.02
1763535	Hydrogenophaga crassostreae	37	37	0.02
1176536	Novosphingobium ginsenosidimutans	37	37	0.02
246	Chryseobacterium balustinum	37	37	0.02
453816	Pseudobdellovibrio exovorus	37	0	0.02
2518644	Pseudomonas tructae	36	36	0.02
1324350	Acinetobacter equi	36	36	0.02
1915078	Thioclava nitratireducens	36	36	0.02
1076596	Acetobacter persici	36	36	0.02
75612	Pseudomonas mandelii	35	35	0.02
2930198	Acinetobacter sp. PK01	35	35	0.02
648	Aeromonas caviae	35	35	0.02
916	Nitrosomonas eutropha	35	0	0.02
2976533	Sphingopyxis sp. PET50	35	35	0.02
436663	Sphingopyxis indica	35	35	0.02
74313	Brevundimonas subvibrioides	35	31	0.02
117157	Actinopolymorpha singaporensis	35	35	0.02
1355330	Flavobacterium faecale	35	35	0.02
43	Cystobacter fuscus	35	35	0.02
2698682	Lysobacter oculi	34	34	0.01
1134435	Thauera humireducens	34	34	0.01
2161821	Dialister massiliensis	34	34	0.01
929813	Gibbsiella quercinecans	33	33	0.01
2505979	Pseudomonas viciae	33	33	0.01
2908637	Acinetobacter sp. SCLZS86	33	33	0.01
7	Azorhizobium caulinodans	33	0	0.01
2938948	Sphingomonas glaciei	33	33	0.01
103731	Saccharothrix espanaensis	33	0	0.01
82135	Fannyhessea vaginae	33	33	0.01
1297742	Myxococcus hansupus	33	33	0.01
1898684	Pseudomonas sp. LPH1	32	32	0.01
301	Pseudomonas oleovorans	32	7	0.01
554344	Pseudomonas toyotomiensis	32	32	0.01
2992140	Bradyrhizobium barranii	32	1	0.01
1229727	Salipiger profundus	32	32	0.01
2497456	Chryseobacterium aureum	32	32	0.01
470565	Prevotella histicola	32	32	0.01
70348	Acinetobacter dispersus	31	31	0.01
2872652	Sphingomonas nostoxanthinifaciens	31	31	0.01
88688	Caulobacter segnis	31	31	0.01
254	Chryseobacterium indoltheticum	31	31	0.01
483547	Geoalkalibacter subterraneus	31	31	0.01
2511995	Pseudolysobacter antarcticus	30	30	0.01
2929515	Acinetobacter sp. YH12068_T	30	30	0.01
2953738	Acinetobacter sp. Z1	30	30	0.01
135577	Idiomarina loihiensis	30	30	0.01
311230	Paraburkholderia terrae	30	30	0.01
394935	Chromobacterium haemolyticum	30	30	0.01
1868589	Phreatobacter cathodiphilus	30	30	0.01
37929	Glutamicibacter nicotianae	30	30	0.01
1168034	Draconibacterium orientale	30	30	0.01
1758189	Acinetobacter sp. ACNIH2	29	29	0.01
1562974	Comamonas piscis	29	29	0.01
391905	Methylocystis heyeri	29	29	0.01
528244	Azospirillum thiophilum	29	29	0.01
3075198	Streptomyces sp. ITFR-16	29	29	0.01
1264	Ruminococcus albus	29	0	0.01
2735906	Pseudomonas sp. B11D7D	28	28	0.01
359408	Methylotenera mobilis	28	0	0.01
2493093	Bradyrhizobium sp. LCT2	28	28	0.01
1265445	Chryseobacterium camelliae	28	28	0.01
9606	Homo sapiens	28	28	0.01
2855434	Pseudomonas sp. AO-1	27	27	0.01
65741	Pseudomonas knackmussii	27	27	0.01
76115	Aromatoleum bremense	27	27	0.01
2715678	Sulfurimicrobium lacus	27	27	0.01
2861288	Cryobacterium sp. PAMC25264	27	27	0.01
256701	Glutamicibacter arilaitensis	27	0	0.01
146017	Mycolicibacterium boenickei	27	27	0.01
1768	Mycobacterium kansasii	27	27	0.01
2213015	Pseudomonas sichuanensis	26	26	0.01
731	Histophilus somni	26	26	0.01
1914471	Sulfuritortus calidifontis	26	26	0.01
1921510	Tardibacter chloracetimidivorans	26	26	0.01
2867231	Qipengyuania gelatinilytica	26	26	0.01
103817	Janibacter terrae	26	26	0.01
2230877	Enterococcus sp. DIV2402	26	26	0.01
300	Pseudomonas mendocina	25	9	0.01
582702	Rhodanobacter glycinis	25	25	0.01
336203	Sphingobium fuliginis	25	20	0.01
2734634	Berryella wangjianweii	25	25	0.01
1582259	Gudongella oleilytica	25	25	0.01
2895473	Pseudomonas sp. B21-015	24	24	0.01
3051123	Stenotrophomonas sp. 17(2023)	24	24	0.01
2806347	Hydrogenophaga sp. SL48	24	24	0.01
2903536	Mycobacterium sp. 20KCMC460	24	24	0.01
2547600	Chryseobacterium salivictor	24	24	0.01
287	Pseudomonas aeruginosa	23	23	0.01
2011015	Pseudomonas laurylsulfatiphila	23	23	0.01
2662362	Acinetobacter wanghuae	23	23	0.01
2002831	Microbacterium sp. AISO3	23	23	0.01
1791	Mycolicibacterium aurum	23	23	0.01
373672	Chryseobacterium gambrini	23	23	0.01
162156	uncultured Bacteroides sp.	23	23	0.01
562	Escherichia coli	22	19	0.01
3048613	Pseudomonas sp. CCI1.1	22	22	0.01
253237	Pseudomonas sp. phDV1	22	22	0.01
2906062	Pseudomonas wenzhouensis	22	22	0.01
56454	Xanthomonas hortorum	22	0	0.01
93220	Pandoraea pnomenusa	22	22	0.01
2590869	Janthinobacterium tructae	22	22	0.01
311182	Denitratisoma oestradiolicum	22	22	0.01
2065379	Paracoccus jeotgali	22	22	0.01
133924	Leisingera methylohalidivorans	22	0	0.01
247333	Serinicoccus marinus	22	0	0.01
147802	Lactobacillus iners	22	22	0.01
89014	Blautia luti	22	22	0.01
63561	Desulfolutivibrio sulfodismutans	22	0	0.01
2961531	Pseudomonas sp. KHPS1	21	21	0.01
2664899	Pseudomonas sp. CFSAN084952	21	21	0.01
2954094	Pseudomonas sp. FP453	21	21	0.01
198618	Pseudomonas umsongensis	21	21	0.01
1148509	Pseudomonas prosekii	21	21	0.01
1704499	Methylovulum psychrotolerans	21	21	0.01
2033	Microbacterium testaceum	21	13	0.01
53462	Mycolicibacterium mageritense	21	21	0.01
67081	Mycolicibacterium alvei	21	21	0.01
2975783	Streptomyces sp. NBC_00582	21	21	0.01
324057	Paenibacillus sp. JDR-2	21	21	0.01
2763670	Wujia chipingensis	21	21	0.01
1756149	Elizabethkingia bruuniana	21	21	0.01
151895	Pseudopedobacter saltans	21	0	0.01
28197	Aliarcobacter butzleri	21	2	0.01
47880	Pseudomonas fulva	20	0	0.01
316	Stutzerimonas stutzeri	20	7	0.01
2699430	Caldichromatium japonicum	20	20	0.01
96773	Thauera chlorobenzoica	20	20	0.01
1565605	Rugosibacter aromaticivorans	20	20	0.01
2933562	Sphingopyxis sp. GC21	20	20	0.01
42234	Streptomyces acidiscabies	20	20	0.01
304895	Catenulispora acidiphila	20	0	0.01
876	Desulfovibrio desulfuricans	20	20	0.01
79967	Erwinia pyrifoliae	19	19	0.01
1827285	Acinetobacter sp. MYb10	19	19	0.01
368607	Janthinobacterium svalbardensis	19	19	0.01
656366	Arthrobacter alpinus	19	19	0.01
2847045	Geoalkalibacter halelectricus	19	19	0.01
2730848	Pseudomonas sp. ADAK18	18	18	0.01
2921518	Pseudomonas sp. FSL L8-0168	18	18	0.01
76758	Pseudomonas orientalis	18	18	0.01
1985254	Xanthomonas phaseoli	18	0	0.01
1407071	Acinetobacter sp. TGL-Y2	18	18	0.01
108981	Acinetobacter schindleri	18	18	0.01
1776742	Acinetobacter vivianii	18	18	0.01
1537400	Aquitalea aquatilis	18	18	0.01
356837	Azoarcus sp. DN11	18	18	0.01
2593653	Kaustia mangrovi	18	18	0.01
1874061	Sphingopyxis sp. EG6	18	18	0.01
117207	Sphingopyxis alaskensis	18	0	0.01
645517	Paraurantiacibacter namhicola	18	18	0.01
1926290	Cryobacterium sp.	18	18	0.01
1978566	Cryobacterium sp. LW097	18	18	0.01
2705439	Streptomyces sp. S4.7	18	18	0.01
33959	Lactobacillus johnsonii	18	14	0.01
1520	Clostridium beijerinckii	18	17	0.01
2815309	Geobacter benzoatilyticus	18	18	0.01
46257	Pseudomonas avellanae	17	17	0.01
339	Xanthomonas campestris	17	16	0.01
2798861	Acinetobacter sp. CS-2	17	17	0.01
3141581	Achromobacter sp. E1	17	17	0.01
221822	Phaeobacter inhibens	17	17	0.01
3049071	Microbacterium sp. zg-Y625	17	17	0.01
1767	Mycobacterium intracellulare	17	0	0.01
73919	Thermaerobacter marianensis	17	0	0.01
338188	Bacteroides finegoldii	17	17	0.01
2816248	Rahnella bonaserana	16	16	0.01
2895490	Pseudomonas sp. B21-048	16	16	0.01
587753	Pseudomonas chlororaphis	16	9	0.01
216142	Pseudomonas rhizosphaerae	16	16	0.01
2004647	Acinetobacter sp. WCHAc010052	16	16	0.01
2775404	Mesorhizobium onobrychidis	16	16	0.01
3028808	Janibacter sp. DB-40	16	16	0.01
39692	Mycolicibacterium parafortuitum	16	16	0.01
1124835	Chryseobacterium carnipullorum	16	16	0.01
2758037	Marnyiella aurantia	16	16	0.01
1639133	Citrobacter portucalensis	15	15	0.01
47883	Pseudomonas synxantha	15	15	0.01
435897	Lysobacter capsici	15	15	0.01
2811415	Niveibacterium microcysteis	15	15	0.01
1662285	Methylophilus sp. TWE2	15	15	0.01
2840474	Gemmobacter fulvus	15	15	0.01
1285192	Janibacter cremeus	15	15	0.01
117567	Mycolicibacterium frederiksbergense	15	15	0.01
2931390	Nocardioides sp. W7	15	15	0.01
61435	Dehalococcoides mccartyi	15	15	0.01
2997336	Chryseobacterium sp. CY350	15	15	0.01
225194	Citrifermentans bemidjiense	15	0	0.01
2986947	Pseudomonas sp. WJP1	14	14	0.01
1821621	Marinobacterium aestuarii	14	14	0.01
78587	Asticcacaulis excentricus	14	0	0.01
28047	Mycolicibacterium confluentis	14	14	0.01
675090	Actinomyces weissii	14	14	0.01
1967666	Microcystis sp. MC19	14	14	0.01
2714110	Acinetobacter sp. Marseille-Q1620	13	13	0.01
60552	Burkholderia vietnamiensis	13	13	0.01
2045208	Massilia violaceinigra	13	13	0.01
682798	Chitinolyticbacter meiyuanensis	13	13	0.01
3139728	Bradyrhizobium sp. 27S5	13	13	0.01
2419844	Xanthobacter sp. YC-JY1	13	13	0.01
3028316	Microbacterium horticulturae	13	13	0.01
147709	Carnobacterium inhibens	13	0	0.01
29375	Lacrimispora xylanolytica	13	13	0.01
253	Chryseobacterium indologenes	13	13	0.01
2787628	Treponema peruense	13	13	0.01
219572	Pseudomonas antarctica	12	12	0.01
487316	Acinetobacter soli	12	12	0.01
292913	Sphingopyxis sp. 113P3	12	12	0.01
435	Acetobacter aceti	12	12	0.01
3135262	Microbacterium sp. LWO13-1.2	12	12	0.01
370764	Microbacterium pygmaeum	12	12	0.01
29394	Dolosigranulum pigrum	12	12	0.01
1596	Lactobacillus gasseri	12	9	0.01
29370	Lacrimispora sphenoides	12	0	0.01
2754044	Selenomonas timonae	12	12	0.01
2838877	Chryseobacterium sp. ZHDP1	12	12	0.01
28454	Sphingobacterium multivorum	12	12	0.01
551996	Mucilaginibacter gossypii	12	12	0.01
2494373	Flammeovirga pectinis	12	12	0.01
3068324	Stenotrophomonas sp. 24(2023)	11	11	0.00
413882	Caldimonas brevitalea	11	11	0.00
2744520	Mesorhizobium sp. 131-3-5	11	11	0.00
648995	Agrobacterium pusense	11	11	0.00
3114367	Sphingopyxis sp. TUF1	11	11	0.00
3108391	Altererythrobacter sp. H2	11	11	0.00
100225	Austwickia chelonae	11	11	0.00
2499145	Rhodococcus sp. X156	11	11	0.00
2900152	Streptomyces sp. LX-29	11	11	0.00
137545	Serratia quinivorans	10	10	0.00
2962597	Pseudomonas sp. Z8(2022)	10	10	0.00
380021	Pseudomonas protegens	10	10	0.00
1274359	Pseudomonas sihuiensis	10	10	0.00
2004646	Acinetobacter sp. WCHA55	10	10	0.00
1808001	Acinetobacter sp. LoGeW2-3	10	10	0.00
2983215	Acinetobacter sp. ESL0695	10	10	0.00
1050	Thermochromatium tepidum	10	0	0.00
321985	Pseudoduganella lutea	10	10	0.00
2588534	Methylophilus medardicus	10	10	0.00
2493669	Mesorhizobium sp. M1D.F.Ca.ET.043.01.1.1	10	10	0.00
256618	Parvibaculum lavamentivorans	10	0	0.00
2843330	Elioraea tepida	10	10	0.00
2857059	Mycobacterium sp. SMC-4	10	10	0.00
3041766	Tessaracoccus sp. T21	10	10	0.00
84030	Lacrimispora saccharolytica	10	10	0.00
410072	Coprococcus comes	10	10	0.00
88431	Dorea longicatena	10	10	0.00
69223	Musicola paradisiaca	9	9	0.00
2605424	Pseudomonas sp. J380	9	9	0.00
3055080	Stenotrophomonas sp. 610A2	9	9	0.00
2911538	Luteibacter aegosomaticola	9	9	0.00
215580	Caldimonas thermodepolymerans	9	9	0.00
2741553	Nitrosomonas sp. H1_AOB3	9	9	0.00
2895796	Paracoccus sp. MA	9	9	0.00
2029849	Marinicauda algicola	9	9	0.00
3049069	Microbacterium sp. zg-B96	9	9	0.00
256821	Gulosibacter molinativorax	9	9	0.00
2819238	Pengzhenrongella sicca	9	9	0.00
2929495	Faecalibacterium sp. I4-3-84	9	9	0.00
33025	Phascolarctobacterium faecium	9	9	0.00
573	Klebsiella pneumoniae	8	8	0.00
306	Pseudomonas sp.	8	8	0.00
317	Pseudomonas syringae	8	0	0.00
2812000	Pseudomonas hygromyciniae	8	8	0.00
2842349	Pseudomonas asgharzadehiana	8	8	0.00
3035288	Acinetobacter sp. ANC 7201	8	8	0.00
2778052	Aeromonas sp. FDAARGOS 1403	8	8	0.00
659	Photobacterium phosphoreum	8	8	0.00
2072590	Pseudoduganella armeniaca	8	8	0.00
2735795	Chromobacterium sp. Beijing	8	8	0.00
146939	Azospira oryzae	8	0	0.00
915	Nitrosomonas europaea	8	0	0.00
278153	Mesorhizobium sp. WSM1497	8	8	0.00
34004	Paracoccus aminovorans	8	8	0.00
1917485	Sulfitobacter alexandrii	8	8	0.00
2942909	Brachybacterium kimchii	8	8	0.00
2975700	Streptomyces sp. NBC_00285	8	8	0.00
2610895	Flintibacter sp. KGMB00164	8	8	0.00
52694	Acetobacterium wieringae	8	8	0.00
2682455	Veillonella sp. S12025-13	8	8	0.00
1609531	Chryseobacterium rhizoplanae	8	8	0.00
556259	Bacteroides sp. D2	8	8	0.00
3117552	Bacteroides sp. MSB163	8	8	0.00
387661	Parabacteroides johnsonii	8	8	0.00
1245526	Pseudomonas guangdongensis	7	7	0.00
3040598	Pseudomonas paraveronii	7	7	0.00
2905879	Acinetobacter sp. SH20PTE14	7	7	0.00
3003392	Acinetobacter sp. TR3	7	7	0.00
471	Acinetobacter calcoaceticus	7	7	0.00
2136182	Acinetobacter cumulans	7	7	0.00
1842537	Hydrogenophaga sp. RAC07	7	7	0.00
2493672	Mesorhizobium sp. M1E.F.Ca.ET.045.02.1.1	7	7	0.00
424800	Sphingomonas insulae	7	7	0.00
104336	Microbacterium foliorum	7	7	0.00
344163	Microbacterium terricola	7	7	0.00
2782167	Microbacterium luteum	7	7	0.00
2603292	Salinibacterium sp. dk2585	7	7	0.00
3120520	Georgenia sp. M64	7	7	0.00
85693	Mycolicibacterium monacense	7	7	0.00
2923272	Streptomyces tubbatahanensis	7	7	0.00
3061627	Micromonospora sp. NBRC 110009	7	7	0.00
624315	Phytohabitans suffuscus	7	7	0.00
1871022	Parolsenella massiliensis	7	7	0.00
1354	Enterococcus hirae	7	7	0.00
41997	Enterococcus saccharolyticus	7	0	0.00
1462527	Oceanobacillus jeddahense	7	7	0.00
3073092	Paenibacillus sp. D2_2	7	7	0.00
2929492	Faecalibacterium sp. I3-3-33	7	7	0.00
2682456	Veillonella nakazawae	7	7	0.00
2920939	Chryseobacterium sp. Y16C	7	7	0.00
2966625	Chryseobacterium sp. MA9	7	7	0.00
2778077	Chryseobacterium sp. FDAARGOS 1104	7	7	0.00
421058	Chryseobacterium oranimense	7	7	0.00
651561	Chryseobacterium arthrosphaerae	7	7	0.00
2847991	Geomonas nitrogeniifigens	7	7	0.00
51288	Kluyvera ascorbata	6	6	0.00
82977	Buttiauxella agrestis	6	6	0.00
1856685	Pseudomonas sp. TCU-HL1	6	6	0.00
3137451	Pseudomonas sp. G.S.17	6	6	0.00
3020843	Pseudomonas sp. Q1-7	6	6	0.00
2731681	Pseudomonas campi	6	6	0.00
2493633	Pseudomonas hydrolytica	6	6	0.00
231455	Dyella japonica	6	0	0.00
2004644	Acinetobacter sp. WCHA45	6	6	0.00
3003393	Acinetobacter sp. TR11	6	6	0.00
2563897	Acinetobacter sp. 10FS3-1	6	6	0.00
252514	Microbulbifer thermotolerans	6	6	0.00
29495	Vibrio navarrensis	6	6	0.00
420402	Marinobacterium rhizophilum	6	6	0.00
251747	Chromobacterium subtsugae	6	6	0.00
1765049	Azospira sp. I09	6	6	0.00
1188319	Ferriphaselus amnicola	6	6	0.00
1850250	Rhodobacter xanthinilyticus	6	6	0.00
379347	Tritonibacter mobilis	6	5	0.00
33050	Sphingopyxis macrogoltabida	6	6	0.00
692370	Tsuneonella dongtanensis	6	6	0.00
155892	Caulobacter vibrioides	6	6	0.00
1312364	Brevundimonas albigilva	6	6	0.00
2541726	Microbacterium wangchenii	6	6	0.00
59737	Rathayibacter iranicus	6	6	0.00
1138587	Paraoerskovia sediminicola	6	6	0.00
388459	Mycolicibacterium crocinum	6	6	0.00
1547487	Mycobacterium sp. ELW1	6	6	0.00
2775496	Mycobacterium senriense	6	6	0.00
1795032	Mycolicibacter virginiensis	6	6	0.00
1749	Acidipropionibacterium jensenii	6	6	0.00
2903862	Streptomyces sp. NBC_01429	6	6	0.00
1848900	Streptomyces sp. ST1015	6	6	0.00
2929494	Faecalibacterium sp. I4-1-79	6	6	0.00
2093857	Dysosmobacter welbionis	6	6	0.00
2763669	Qiania dongpingensis	6	6	0.00
423477	Veillonella rogosae	6	6	0.00
2039166	Chryseobacterium sp. 6424	6	6	0.00
59733	Chryseobacterium scophthalmum	6	6	0.00
3029053	Mucilaginibacter sp. SJ	6	6	0.00
2676868	Phnomibacter ginsenosidimutans	6	6	0.00
201	Campylobacter lari	6	6	0.00
188913	Cetobacterium somerae	6	6	0.00
57706	Citrobacter braakii	5	5	0.00
66269	Pantoea stewartii	5	0	0.00
3110772	Pseudomonas sp. IT1137	5	5	0.00
2866592	Pseudomonas sp. Marseille-Q3773	5	5	0.00
2745490	Pseudomonas xantholysinigenes	5	5	0.00
101564	Pseudomonas alcaliphila	5	0	0.00
2290922	Lysobacter sp. TY2-98	5	5	0.00
56458	Xanthomonas sacchari	5	5	0.00
3045147	Acinetobacter sp. KCTC 92772	5	5	0.00
202951	Acinetobacter bouvetii	5	5	0.00
2497861	Billgrantia tianxiuensis	5	5	0.00
2949090	Comamonas endophytica	5	5	0.00
87883	Burkholderia multivorans	5	5	0.00
2604047	Paraburkholderia dioscoreae	5	5	0.00
1620421	Hoeflea sp. IMCC20628	5	5	0.00
147645	Paracoccus yeei	5	5	0.00
2653203	Sphingomonas sp. CL5.1	5	5	0.00
653931	Sphingomonas alpina	5	5	0.00
2968500	Sphingopyxis sp. DBS4	5	5	0.00
2067415	Altererythrobacter sp. TH136	5	5	0.00
3135255	Microbacterium sp. LWH10-1.2	5	5	0.00
1916917	Microbacterium sp. 1.5R	5	5	0.00
683047	Microbacterium suwonense	5	5	0.00
3073268	Citricoccus sp. I39-566	5	5	0.00
1534349	Mycolicibacterium helvum	5	5	0.00
2975998	Nocardia sp. NBC_01730	5	5	0.00
2760089	Nocardioides dongkuii	5	5	0.00
1814	Amycolatopsis methanolica	5	0	0.00
2975749	Streptomyces sp. NBC_00459	5	5	0.00
3062685	Streptomyces sp. VNUA74	5	5	0.00
2742137	Streptomyces sp. NA02950	5	5	0.00
362257	Streptomyces vietnamensis	5	5	0.00
53345	Enterococcus durans	5	5	0.00
2729421	Sediminibacillus dalangtanensis	5	5	0.00
1667239	Alkalicoccus halolimnae	5	5	0.00
3028315	Pullulanibacillus sp. KACC 23026	5	5	0.00
2929488	Faecalibacterium sp. IP-1-18	5	5	0.00
154046	Hungatella hathewayi	5	5	0.00
55583	Dehalobacter restrictus	5	1	0.00
2478663	Chryseobacterium sp. 3008163	5	5	0.00
2983606	Chryseobacterium fluminis	5	5	0.00
2908645	Kaistella sp. 97-N-M2	5	5	0.00
2528009	Pirellulimonas nuda	5	5	0.00
2602070	Granulicella sp. WH15	5	5	0.00
703	Plesiomonas shigelloides	4	4	0.00
549	Pantoea agglomerans	4	0	0.00
2126321	Nissabacter sp. SGAir0207	4	4	0.00
569	Hafnia alvei	4	4	0.00
2678259	Pseudomonas sp. Seg1	4	4	0.00
2971912	Pseudomonas sp. CBS	4	4	0.00
1827300	Pseudomonas sp. MYb193	4	4	0.00
2871095	Pseudomonas sp. DR48	4	4	0.00
3048583	Pseudomonas sp. 10S4	4	4	0.00
294	Pseudomonas fluorescens	4	3	0.00
2961893	Pseudomonas triclosanedens	4	4	0.00
487184	Halopseudomonas xinjiangensis	4	4	0.00
29447	Xanthomonas albilineans	4	4	0.00
2994496	Dyella sp. GSA-30	4	4	0.00
654	Aeromonas veronii	4	4	0.00
1579979	Wenzhouxiangella marina	4	4	0.00
2714923	Acidovorax sp. HDW3	4	4	0.00
2853257	Comamonas sp. Y33R10-2	4	4	0.00
285	Comamonas testosteroni	4	4	0.00
225992	Comamonas kerstersii	4	4	0.00
2762322	Variovorax sp. PAMC26660	4	4	0.00
436515	Variovorax boronicumulans	4	4	0.00
2714924	Diaphorobacter sp. HDW4A	4	4	0.00
2651974	Hydrogenophaga sp. BPS33	4	4	0.00
2898431	Aquabacterium sp. J223	4	4	0.00
2982615	Polynucleobacter sp. KF022	4	4	0.00
1141883	Massilia putida	4	4	0.00
2728020	Massilia forsythiae	4	4	0.00
1938606	Janthinobacterium sp. LM6	4	4	0.00
2861284	Janthinobacterium sp. PAMC25594	4	4	0.00
2588536	Candidatus Methylopumilus universalis	4	4	0.00
931866	Bradyrhizobium ottawaense	4	4	0.00
160699	Agrobacterium larrymoorei	4	4	0.00
2051553	Methylobacterium currus	4	4	0.00
1852022	Roseitalea porphyridii	4	4	0.00
2602067	Octadecabacter sp. SW4	4	4	0.00
2565555	Sphingomonas sp. PAMC26645	4	4	0.00
1226968	Azospirillum humicireducens	4	4	0.00
674079	Marisediminicola antarctica	4	4	0.00
1788	Mycolicibacter terrae	4	4	0.00
2017486	Nocardioides sp. S5	4	4	0.00
642780	Nocardioides scoriae	4	4	0.00
1683	Bifidobacterium angulatum	4	0	0.00
2686304	Streptomyces broussonetiae	4	4	0.00
83656	Streptomyces tsukubensis	4	4	0.00
53359	Dactylosporangium fulvum	4	4	0.00
1335613	Gordonibacter urolithinfaciens	4	4	0.00
1156431	Streptococcus ilei	4	4	0.00
1359	Lactococcus cremoris	4	0	0.00
1254	Pediococcus acidilactici	4	4	0.00
1280	Staphylococcus aureus	4	4	0.00
51515	Dehalobacterium formicoaceticum	4	4	0.00
168384	Marvinbryantia formatexigens	4	0	0.00
39778	Veillonella dispar	4	4	0.00
1547	Thomasclavelia ramosa	4	4	0.00
2015076	Chryseobacterium sp. T16E-39	4	4	0.00
2745153	Chryseobacterium sp. MYb264	4	4	0.00
1382466	Winogradskyella sediminis	4	4	0.00
3040348	Aequorivita sp. Ant34-E75	4	4	0.00
2763022	Bacteroides sp. M10	4	4	0.00
28111	Bacteroides eggerthii	4	4	0.00
296842	Solidesulfovibrio carbinolicus	4	4	0.00
67826	Citrobacter sedlakii	3	3	0.00
158836	Enterobacter hormaechei	3	3	0.00
2338073	Serratia inhibens	3	0	0.00
2998079	Pseudomonas sp. GOM7	3	3	0.00
1206777	Pseudomonas sp. Lz4W	3	3	0.00
1027966	Pseudomonas sp. HR96	3	3	0.00
2073078	Pseudomonas sp. DTU12.3	3	3	0.00
2976884	Pseudomonas sp. FJ2-5-13	3	3	0.00
2973088	Pseudomonas sp. BW7P1	3	3	0.00
2745504	Pseudomonas hamedanensis	3	3	0.00
312306	Pseudomonas entomophila	3	3	0.00
553151	Halopseudomonas pelagia	3	3	0.00
40324	Stenotrophomonas maltophilia	3	3	0.00
216778	Stenotrophomonas rhizophila	3	3	0.00
730	[Haemophilus] ducreyi	3	3	0.00
1891186	Vibrio aphrogenes	3	3	0.00
1965282	Shewanella khirikhana	3	3	0.00
553814	Acidovorax carolinensis	3	3	0.00
2853163	Comamonas sp. NLF-1-9	3	3	0.00
3081231	Ottowia sp. SB7-C50	3	3	0.00
2762323	Variovorax sp. PAMC28562	3	3	0.00
1715720	Diaphorobacter ruginosibacter	3	3	0.00
3036128	Diaphorobacter limosus	3	3	0.00
795665	Hydrogenophaga sp. PBC	3	3	0.00
2741720	Rhodoferax sp. BAB1	3	3	0.00
180282	Delftia tsuruhatensis	3	3	0.00
179636	Alicycliphilus denitrificans	3	0	0.00
72557	Achromobacter ruhlandii	3	3	0.00
68895	Cupriavidus basilensis	3	3	0.00
60550	Burkholderia pyrrocinia	3	3	0.00
95486	Burkholderia cenocepacia	3	0	0.00
504	Kingella kingae	3	3	0.00
1196083	Snodgrassella alvi	3	3	0.00
536	Chromobacterium violaceum	3	2	0.00
2202141	Chromobacterium phragmitis	3	3	0.00
76259	Ferribacterium limneticum	3	3	0.00
370405	Gallionella capsiferriformans	3	0	0.00
1581680	Candidatus Methylopumilus turicensis	3	3	0.00
887061	Methylovorus sp. MP688	3	3	0.00
1670800	Aquibium oceanicum	3	3	0.00
1486262	Martelella endophytica	3	3	0.00
708113	Terrihabitans soli	3	3	0.00
659350	Paracoccus stylophorae	3	3	0.00
266	Paracoccus denitrificans	3	3	0.00
2748098	Pikeienuella piscinae	3	3	0.00
2867014	Leisingera sp. M527	3	3	0.00
1250539	Salipiger abyssi	3	3	0.00
2219696	Sphingomonas sp. FARSPH	3	3	0.00
2571749	Novosphingobium sp. EMRT-2	3	3	0.00
34018	Rhodospirillum centenum	3	0	0.00
1862145	Nisaea acidiphila	3	3	0.00
3049072	Microbacterium sp. zg-Y818	3	3	0.00
2483401	Microbacterium sp. 10M-3C3	3	3	0.00
2963431	Janibacter sp. CX7	3	3	0.00
2963432	Arthrobacter sp. DNA4	3	3	0.00
2589797	Georgenia yuyongxinii	3	3	0.00
3023370	Mycolicibacterium sp. TUM20985	3	3	0.00
1797	Mycolicibacterium thermoresistibile	3	3	0.00
110319	Nocardioides sp. CF8	3	3	0.00
2849501	Nocardioides panacis	3	3	0.00
2045452	Nocardioides houyundeii	3	3	0.00
1448059	Amycolatopsis rhabdoformis	3	3	0.00
2903867	Streptomyces sp. NBC_01439	3	3	0.00
1460244	Streptomyces sp. PCS3-D2	3	3	0.00
29303	Streptantibioticus cattleyicolor	3	0	0.00
2975959	Dactylosporangium sp. NBC_01737	3	3	0.00
231049	Furfurilactobacillus rossiae	3	3	0.00
2005703	Enterococcus wangshanyuanii	3	3	0.00
1351	Enterococcus faecalis	3	3	0.00
87458	Ruoffia tabacinasalis	3	3	0.00
715179	Paenibacillus sp. sptzw28	3	3	0.00
2989770	Staphylococcus sp. IVB6238	3	3	0.00
2929493	Faecalibacterium sp. I3-3-89	3	3	0.00
32046	Synechococcus elongatus	3	3	0.00
2893882	Chryseobacterium sp. C-71	3	3	0.00
1871047	Chryseobacterium sp.	3	3	0.00
2487065	Chryseobacterium sp. G0201	3	3	0.00
266749	Kaistella jeonii	3	3	0.00
172045	Elizabethkingia miricola	3	3	0.00
2796140	Elizabethkingia sp. M8	3	3	0.00
631220	Desulfovibrio sp. G11	3	3	0.00
1054033	Arcobacter venerupis	3	3	0.00
1935204	Arcobacter porcinus	3	3	0.00
1080223	Malaciobacter pacificus	3	3	0.00
1008152	Haladaptatus pallidirubidus	3	3	0.00
395631	Phytobacter diazotrophicus	2	2	0.00
1851514	Scandinavium goeteborgense	2	2	0.00
554	Pectobacterium carotovorum	2	2	0.00
2983246	Pseudomonas sp. SO81	2	2	0.00
2954096	Pseudomonas sp. FP597	2	2	0.00
3038925	Pseudomonas sp. 905_Psudmo1	2	2	0.00
3002903	Pseudomonas sp. BSw22131	2	2	0.00
1506334	Pseudomonas sp. G2-4	2	2	0.00
3074146	Pseudomonas sp. SG20056	2	2	0.00
1534110	Pseudomonas sp. DR 5-09	2	2	0.00
2219057	Pseudomonas sp. LG1E9	2	2	0.00
1294143	Pseudomonas sp. ATCC 13867	2	2	0.00
2893890	Pseudomonas sp. KNUC1026	2	2	0.00
2874628	Pseudomonas sp. p1(2021b)	2	2	0.00
2954079	Pseudomonas sp. FP1742	2	2	0.00
129817	Pseudomonas brenneri	2	2	0.00
53412	Pseudomonas resinovorans	2	0	0.00
2726956	Pseudomonas berkeleyensis	2	2	0.00
1302376	Candidatus Pseudomonas adelgestsugas	2	2	0.00
2867264	Pseudomonas phytophila	2	2	0.00
2842350	Pseudomonas azerbaijanorientalis	2	2	0.00
515393	Pseudomonas yamanorum	2	2	0.00
2684212	Pseudomonas izuensis	2	2	0.00
1697053	Thiopseudomonas alkaliphila	2	2	0.00
2691571	Stenotrophomonas sp. 364	2	2	0.00
2072413	Stenotrophomonas sp. SAU14A_NAIMI4_5	2	2	0.00
84531	Lysobacter antibioticus	2	2	0.00
2202149	Thermomonas aquatica	2	2	0.00
445710	Dyella thiooxydans	2	2	0.00
2763498	Dyella telluris	2	2	0.00
2601122	Acinetobacter sp. YH12138	2	2	0.00
2853158	Acinetobacter sp. F9	2	2	0.00
3020716	Acinetobacter sp. GSS19	2	2	0.00
2929514	Acinetobacter sp. YH16056_T	2	2	0.00
2913495	Acinetobacter sp. AHP123	2	2	0.00
1530123	Acinetobacter seifertii	2	2	0.00
29430	Acinetobacter haemolyticus	2	2	0.00
40215	Acinetobacter junii	2	2	0.00
1727196	Methylomonas sp. DH-1	2	2	0.00
47960	Guyparkeria halophila	2	2	0.00
1842533	Acidovorax sp. RAC01	2	2	0.00
3095606	Acidovorax sp. DW039	2	2	0.00
32013	Comamonas terrigena	2	0	0.00
3046670	Comamonas resistens	2	2	0.00
1034889	Variovorax sp. HW608	2	2	0.00
2866628	Diaphorobacter sp. MNS-0	2	2	0.00
434010	Hydrogenophaga sp. PBL-H3	2	2	0.00
2565558	Hydrogenophaga sp. PAMC20947	2	2	0.00
1484693	Rhodoferax saidenbachensis	2	2	0.00
80866	Delftia acidovorans	2	2	0.00
80869	Paracidovorax citrulli	2	2	0.00
2109915	Simplicispira suum	2	2	0.00
1458425	Serpentinimonas raichei	2	2	0.00
1436290	Candidatus Symbiobacter mobilis	2	0	0.00
2028345	Pollutimonas thiosulfatoxidans	2	2	0.00
2979868	Neopusillimonas aromaticivorans	2	2	0.00
82633	Cupriavidus pauculus	2	2	0.00
151783	Cupriavidus campinensis	2	2	0.00
92647	Paraburkholderia tropica	2	2	0.00
305	Ralstonia solanacearum	2	2	0.00
1758395	Polynucleobacter sp. JS-JIR-5-A7	2	2	0.00
1855909	Polynucleobacter sp. MWH-Svant-W18	2	2	0.00
1743159	Polynucleobacter yangtzensis	2	2	0.00
376175	Schlegelella aquatica	2	2	0.00
1108595	Chromobacterium vaccinii	2	2	0.00
3142262	Thauera sp. JM12B12	2	2	0.00
63745	Sideroxydans lithotrophicus	2	0	0.00
2666139	Aminobacter sp. MDW-2	2	2	0.00
2744516	Mesorhizobium sp. 113-3-3	2	2	0.00
2493680	Mesorhizobium sp. M1A.F.Ca.IN.022.06.1.1	2	2	0.00
2493676	Mesorhizobium sp. M3A.F.Ca.ET.080.04.2.1	2	2	0.00
39645	Mesorhizobium ciceri	2	1	0.00
1777867	Mesorhizobium jarvisii	2	2	0.00
398	Rhizobium tropici	2	0	0.00
2894310	Methylobacterium sp. NMS14P	2	2	0.00
1427356	Hyphomicrobium nitrativorans	2	0	0.00
453842	Paracoccus aestuarii	2	2	0.00
1492771	Limimaricola variabilis	2	2	0.00
2508307	Leisingera sp. NJS204	2	2	0.00
2867015	Leisingera sp. M658	2	2	0.00
1396826	Leisingera aquaemixtae	2	2	0.00
2587855	Sulfitobacter sp. THAF37	2	2	0.00
53501	Thalassovita gelatinovora	2	2	0.00
2955313	Sphingomonas sp. H160509	2	2	0.00
2698679	Sphingomonas changnyeongensis	2	2	0.00
1515612	Sphingopyxis fribergensis	2	2	0.00
1763828	Hankyongella ginsenosidimutans	2	2	0.00
3113984	Qipengyuania sp. HL-TH1	2	2	0.00
39960	Erythrobacter litoralis	2	2	0.00
481146	Acetobacter ascendens	2	2	0.00
652764	Azospirillum sp. TSH100	2	2	0.00
2602015	Hypericibacter terrae	2	2	0.00
84159	Paramagnetospirillum magneticum	2	0	0.00
69666	Caulobacter mirabilis	2	2	0.00
284016	Phenylobacterium zucineum	2	0	0.00
3025663	Microbacterium sp. Clip185	2	2	0.00
2995140	Microbacterium sp. SL75	2	2	0.00
2875948	Microbacterium sp. cx-55	2	2	0.00
1572644	Microbacterium proteolyticum	2	2	0.00
1678237	Microbacterium rhizosphaerae	2	2	0.00
2782168	Microbacterium atlanticum	2	2	0.00
2895559	Subtercola endophyticus	2	2	0.00
1804990	Microcella flavibacter	2	2	0.00
3068634	Agrococcus beijingensis	2	2	0.00
2761047	Janibacter sp. YB324	2	2	0.00
2567881	Citricoccus sp. SGAir0253	2	2	0.00
1968788	Mycolicibacterium sp. CBMA 213	2	2	0.00
2908837	Mycolicibacterium sp. YH-1	2	2	0.00
2099695	Mycobacterium sp. ITM-2016-00316	2	2	0.00
398694	Mycobacterium shinjukuense	2	2	0.00
29314	Mycolicibacter hiberniae	2	2	0.00
108486	Corynebacterium falsenii	2	2	0.00
2675216	Corynebacterium kalinowskii	2	2	0.00
28028	Corynebacterium flavescens	2	2	0.00
1697	Corynebacterium ammoniagenes	2	2	0.00
1230998	Corynebacterium frankenforstense	2	0	0.00
349751	Corynebacterium marinum	2	0	0.00
103816	Rhodococcus pyridinivorans	2	2	0.00
2984338	Nocardia sputorum	2	2	0.00
3036374	Nocardioides sp. BP30	2	2	0.00
2486272	Nocardioides sp. WS12	2	2	0.00
433659	Nocardioides mesophilus	2	2	0.00
2712223	Nocardioides anomalus	2	2	0.00
2803858	Nocardioides faecalis	2	2	0.00
2662261	Raineyella fluvialis	2	2	0.00
2975955	Amycolatopsis sp. NBC_00345	2	2	0.00
3033809	Streptomyces sp. Alt2	2	2	0.00
2903832	Streptomyces sp. NBC_01343	2	2	0.00
2975737	Streptomyces sp. NBC_00400	2	2	0.00
2975940	Streptomyces sp. NBC_01788	2	2	0.00
68212	Streptomyces graminofaciens	2	2	0.00
2981134	Streptomyces cynarae	2	2	0.00
1914	Streptomyces lavendulae	2	0	0.00
47760	Streptomyces aurantiacus	2	2	0.00
496014	Baekduia soli	2	2	0.00
49319	Rubrobacter xylanophilus	2	0	0.00
2382163	Streptococcus koreensis	2	2	0.00
1834167	Enterococcus sp. 12C11_DIV0727	2	2	0.00
1834192	Enterococcus sp. 9D6_DIV0238	2	2	0.00
2230879	Enterococcus sp. DIV0849a	2	2	0.00
160453	Enterococcus gilvus	2	2	0.00
44008	Enterococcus cecorum	2	2	0.00
53346	Enterococcus mundtii	2	2	0.00
3109030	Vagococcus sp. B2T-5	2	2	0.00
1405	Bacillus mycoides	2	2	0.00
2792479	Lysinibacillus sp. JNUCC-51	2	2	0.00
214851	Subdoligranulum variabile	2	2	0.00
1531	Enterocloster clostridioformis	2	2	0.00
46228	[Ruminococcus] lactaris	2	0	0.00
3028070	Claveliimonas bilis	2	2	0.00
39488	Anaerobutyricum hallii	2	2	0.00
1496	Clostridioides difficile	2	2	0.00
1126	Microcystis aeruginosa	2	0	0.00
3093923	Chryseobacterium sp. JJR-5R	2	2	0.00
878220	Chryseobacterium sp. StRB126	2	2	0.00
1141221	Chryseobacterium taihuense	2	2	0.00
536441	Chryseobacterium taklimakanense	2	2	0.00
1117645	Elizabethkingia anophelis	2	2	0.00
2162713	Flavobacterium magnum	2	2	0.00
2920935	Aestuariibaculum lutulentum	2	2	0.00
1501392	Coprobacter secundus	2	0	0.00
398049	Mucilaginibacter daejeonensis	2	2	0.00
1795355	Echinicola strongylocentroti	2	2	0.00
316068	Leadbetterella byssophila	2	0	0.00
1904463	Poseidonibacter lekithochrous	2	2	0.00
2321133	Halarcobacter sp.	2	2	0.00
157268	Helicobacter winghamensis	2	2	0.00
66821	Sulfurospirillum multivorans	2	2	0.00
2528023	Urbifossiella limnaea	2	2	0.00
683292	Borreliella yangtzensis	2	2	0.00
2962676	Halorarius litoreus	2	2	0.00
244366	Klebsiella variicola	1	1	0.00
28901	Salmonella enterica	1	0	0.00
54736	Salmonella bongori	1	1	0.00
563	Shimwellia blattae	1	1	0.00
283686	Kosakonia radicincitans	1	0	0.00
470934	Pantoea vagans	1	0	0.00
2482769	Serratia sp. P2ACOL2	1	1	0.00
61651	Serratia ficaria	1	1	0.00
29471	Pectobacterium atrosepticum	1	1	0.00
78398	Pectobacterium odoriferum	1	1	0.00
204042	Dickeya zeae	1	1	0.00
351671	Xenorhabdus doucetiae	1	1	0.00
230089	Photorhabdus thracensis	1	1	0.00
158841	Leminorella richardii	1	1	0.00
2748080	Pseudomonas sp. ABC1	1	1	0.00
2604941	Pseudomonas sp. C27(2019)	1	1	0.00
2614442	Pseudomonas sp. LPB0260	1	1	0.00
2871493	Pseudomonas sp. SC3(2021)	1	1	0.00
2870840	Pseudomonas sp. DR208	1	1	0.00
1981174	Pseudomonas sp. M30-35	1	1	0.00
2895486	Pseudomonas sp. B21-040	1	1	0.00
3029060	Pseudomonas sp. PSKL.D1	1	1	0.00
2829498	Pseudomonas sp. JS425	1	1	0.00
2895493	Pseudomonas sp. B21-053	1	1	0.00
2898483	Pseudomonas sp. 7-41	1	1	0.00
2804761	Pseudomonas sp. 15A4	1	1	0.00
2749808	Pseudomonas sp. Y5-11	1	1	0.00
2986927	Pseudomonas sp. BT-42-2	1	1	0.00
3016341	Pseudomonas sp. PSE14	1	1	0.00
3003351	Pseudomonas sp. GXZC	1	1	0.00
3141539	Pseudomonas sp. F3-2	1	1	0.00
2738126	Pseudomonas sp. FP215	1	1	0.00
2994661	Pseudomonas sp. SL4(2022)	1	1	0.00
2991051	Pseudomonas sp. KU26590	1	1	0.00
2954087	Pseudomonas sp. FP2254	1	1	0.00
2705472	Pseudomonas sp. MTM4	1	1	0.00
2697023	Pseudomonas sp. AN-B15	1	1	0.00
2320270	Pseudomonas sp. DG56-2	1	1	0.00
2678260	Pseudomonas sp. Ost2	1	1	0.00
2954093	Pseudomonas sp. FP2338	1	1	0.00
3094846	Pseudomonas sp. G166	1	1	0.00
1573718	Pseudomonas sp. S34	1	1	0.00
3074147	Pseudomonas sp. SG20052	1	1	0.00
517398	Pseudomonas sp. D3	1	1	0.00
528343	Pseudomonas sp. G11	1	1	0.00
3077589	Pseudomonas sp. DTU_2021_1001937_2_SI_NGA_ILE_001	1	1	0.00
3087234	Pseudomonas sp. MUP55	1	1	0.00
3090665	Pseudomonas sp. JS3066	1	1	0.00
1283291	Pseudomonas sp. URMO17WK12:I11	1	1	0.00
520056	Pseudomonas sp. P13	1	1	0.00
1207075	Pseudomonas sp. UW4	1	1	0.00
1173288	Pseudomonas sp. R4-39-08	1	1	0.00
1173284	Pseudomonas sp. R3-52-08	1	1	0.00
658630	Pseudomonas sp. CMR5c	1	1	0.00
3118752	Pseudomonas sp. WP18	1	1	0.00
1173270	Pseudomonas sp. R1-43-08	1	1	0.00
1028989	Pseudomonas sp. StFLB209	1	1	0.00
658644	Pseudomonas sp. R5-89-07	1	1	0.00
3048622	Pseudomonas sp. DC1.2	1	1	0.00
1758730	Pseudomonas sp. BIOMIG1BAC	1	1	0.00
1702250	Pseudomonas sp. IB20	1	1	0.00
3127459	Pseudomonas sp. RSB 5.4	1	1	0.00
3043448	Pseudomonas sp. P9_31	1	1	0.00
1421430	Pseudomonas granadensis	1	1	0.00
200450	Pseudomonas trivialis	1	1	0.00
198620	Pseudomonas koreensis	1	1	0.00
46679	Pseudomonas mucidolens	1	1	0.00
47885	Pseudomonas oryzihabitans	1	1	0.00
1149133	Pseudomonas furukawaii	1	1	0.00
2614538	Pseudomonas piscis	1	1	0.00
2842356	Pseudomonas xanthosomatis	1	1	0.00
2746321	Pseudomonas phenolilytica	1	1	0.00
2364649	Pseudomonas laurentiana	1	1	0.00
2954082	Pseudomonas cucumis	1	1	0.00
1880678	Pseudomonas sivasensis	1	1	0.00
1853130	Pseudomonas silesiensis	1	1	0.00
47884	Pseudomonas taetrolens	1	1	0.00
95300	Pseudomonas vancouverensis	1	1	0.00
237610	Pseudomonas psychrotolerans	1	1	0.00
114707	uncultured Pseudomonas sp.	1	1	0.00
237609	Pseudomonas alkylphenolica	1	1	0.00
1163398	Pseudomonas donghuensis	1	1	0.00
1708783	Halopseudomonas oceani	1	1	0.00
2547598	Marinobacter sp. JH2	1	1	0.00
2072405	Stenotrophomonas sp. ZAC14D2_NAIMI4_7	1	1	0.00
2971236	Xanthomonas sp. CFBP 8445	1	1	0.00
347	Xanthomonas oryzae	1	0	0.00
442694	Xanthomonas perforans	1	1	0.00
2371	Xylella fastidiosa	1	1	0.00
2501295	Dyella sp. M7H15-1	1	1	0.00
242606	Luteibacter rhizovicinus	1	0	0.00
2780091	Luteibacter flocculans	1	1	0.00
1879049	Acinetobacter sp. WCHAc010034	1	1	0.00
106654	Acinetobacter nosocomialis	1	1	0.00
2943497	Acinetobacter tibetensis	1	1	0.00
202952	Acinetobacter gerneri	1	1	0.00
40216	Acinetobacter radioresistens	1	1	0.00
106648	Acinetobacter bereziniae	1	1	0.00
70346	Acinetobacter variabilis	1	1	0.00
2953752	Moraxella sp. FZFQ2102	1	1	0.00
2033032	Aeromonas sp. CA23	1	1	0.00
29489	Aeromonas enteropelogenes	1	1	0.00
393662	Congregibacter litoralis	1	0	0.00
1945512	Cellvibrio sp. PSBB023	1	1	0.00
447471	Simiduia agarivorans	1	0	0.00
505341	Gallibacterium salpingitidis	1	1	0.00
3040943	Methylomonas sp. UP202	1	1	0.00
2860258	Methylococcus sp. Mc7	1	1	0.00
1432792	Methylocaldum marinum	1	1	0.00
111770	Thiothrix fructosivorans	1	1	0.00
2735563	Thiothrix subterranea	1	1	0.00
263	Francisella tularensis	1	1	0.00
1824638	Vibrio japonicus	1	1	0.00
553611	Photobacterium leiognathi	1	0	0.00
1755811	Paraphotobacterium marinum	1	1	0.00
2749040	Halomonas sp. SH5A2	1	1	0.00
2855441	Halomonas sp. 18071143	1	1	0.00
3050071	Salinicola sp. JS01	1	1	0.00
376489	Halotalea alkalilenta	1	1	0.00
29571	Vreelandella subglaciescola	1	1	0.00
2614693	Nitrincola iocasae	1	1	0.00
1628392	Hahella sp. KA22	1	1	0.00
2856608	Rickettsiella endosymbiont of Dermanyssus gallinae	1	1	0.00
351052	Alkalilimnicola ehrlichii	1	0	0.00
473531	Nitrosococcus watsonii	1	0	0.00
558541	Shewanella chilikensis	1	1	0.00
2814294	Shewanella avicenniae	1	1	0.00
2726434	Shewanella oncorhynchi	1	1	0.00
1514074	Pseudoalteromonas sp. NC201	1	1	0.00
2795687	Thiohalobacter sp. COW1	1	1	0.00
465721	Steroidobacter denitrificans	1	1	0.00
2940492	Acidovorax sp. GBBC 1281	1	1	0.00
2918299	Comamonas sp. B21-038	1	1	0.00
363952	Comamonas thiooxydans	1	1	0.00
2597701	Comamonas flocculans	1	1	0.00
2743470	Comamonas antarctica	1	1	0.00
2796366	Comamonas fluminis	1	1	0.00
1658672	Ottowia sp. oral taxon 894	1	1	0.00
282217	Variovorax sp. SRS16	1	1	0.00
1795631	Variovorax sp. PAMC 28711	1	1	0.00
207745	Variovorax sp. WDL1	1	1	0.00
2714925	Diaphorobacter sp. HDW4B	1	1	0.00
3016636	Diaphorobacter sp. ED-3	1	1	0.00
3060154	Diaphorobacter sp. C33	1	1	0.00
721785	[Acidovorax] ebreus	1	0	0.00
2184519	Hydrogenophaga sp. NH-16	1	1	0.00
3098762	Hydrogenophaga sp. SNF1	1	1	0.00
199683	uncultured Hydrogenophaga sp.	1	1	0.00
223188	uncultured Rhodoferax sp.	1	1	0.00
81479	Rhodoferax antarcticus	1	1	0.00
80867	Paracidovorax avenae	1	1	0.00
94132	Ramlibacter tataouinensis	1	1	0.00
1678129	Limnohabitans sp. 103DPR2	1	1	0.00
80880	Hylemonella gracilis	1	1	0.00
1389922	Achromobacter mucicolens	1	1	0.00
1481665	Advenella alkanexedens	1	1	0.00
1697043	Bordetella sp. H567	1	1	0.00
164546	Cupriavidus taiwanensis	1	1	0.00
2027911	Cupriavidus sp. P-10	1	1	0.00
93222	Pandoraea sputorum	1	1	0.00
1891094	Pandoraea fibrosis	1	1	0.00
2508289	Pandoraea commovens	1	1	0.00
152500	Burkholderia dolosa	1	1	0.00
2547399	Paraburkholderia pallida	1	1	0.00
2026199	Paraburkholderia aromaticivorans	1	1	0.00
261302	Paraburkholderia phytofirmans	1	0	0.00
329	Ralstonia pickettii	1	1	0.00
1758374	Polynucleobacter sp. TSB-Sco08W16	1	1	0.00
2689107	Polynucleobacter sp. MWH-CaK5	1	1	0.00
2770234	Polynucleobacter sp. Adler-ghost	1	1	0.00
2689109	Polynucleobacter sp. MWH-Spelu-300-X4	1	1	0.00
47671	Lautropia mirabilis	1	1	0.00
1553431	Mycoavidus cysteinexigens	1	1	0.00
321983	Pseudoduganella albidiflava	1	1	0.00
1707785	Massilia sp. WG5	1	1	0.00
3065910	Janthinobacterium sp. J1-1	1	1	0.00
2751478	Janthinobacterium rivuli	1	1	0.00
3037797	Piscinibacter sp. XHJ-5	1	1	0.00
36863	Ideonella dechloratans	1	1	0.00
2059672	Chromobacterium sp. ATCC 53434	1	1	0.00
2953890	Chromobacterium sp. IIBBL 290-4	1	1	0.00
1382803	Chromobacterium amazonense	1	1	0.00
748280	Pseudogulbenkiania sp. NH8B	1	1	0.00
57480	Microvirgula aerodenitrificans	1	1	0.00
59405	Thauera aromatica	1	0	0.00
2016596	Nitrogeniibacter mangrovi	1	1	0.00
551760	Aromatoleum aromaticum	1	1	0.00
3095607	Methylophilus sp. DW102	1	1	0.00
2588535	Candidatus Methylopumilus rimovensis	1	1	0.00
266009	Methylovorus glucosotrophus	1	0	0.00
2778876	Methyloradius palustris	1	1	0.00
42353	Nitrosomonas sp.	1	1	0.00
3070658	Nitrosomonas sp. sh817	1	1	0.00
44577	Nitrosomonas ureae	1	1	0.00
1231	Nitrosospira multiformis	1	0	0.00
1288494	Nitrosospira lacus	1	1	0.00
1870862	Aminobacter sp. SS-2016	1	1	0.00
2774562	Aminobacter sp. SR38	1	1	0.00
2979870	Aminobacter sp. NyZ550	1	1	0.00
2956824	Mesorhizobium sp. C120A	1	1	0.00
2744517	Mesorhizobium sp. 113-3-9	1	1	0.00
2744515	Mesorhizobium sp. 113-1-2	1	1	0.00
2589967	Mesorhizobium sp. B2-1-8	1	1	0.00
2589888	Mesorhizobium sp. B4-1-4	1	1	0.00
2880934	Mesorhizobium sp. PAMC28654	1	1	0.00
2493675	Mesorhizobium sp. M4B.F.Ca.ET.058.02.1.1	1	1	0.00
2956834	Mesorhizobium sp. C416B	1	1	0.00
381	Mesorhizobium loti	1	1	0.00
71433	Mesorhizobium amorphae	1	0	0.00
2066070	Mesorhizobium japonicum	1	1	0.00
3028735	Chelativorans sp. AA-79	1	1	0.00
2949629	Bradyrhizobium sp. CCGUVB1N3	1	1	0.00
2782641	Bradyrhizobium sp. 170	1	1	0.00
3139729	Bradyrhizobium sp. 26S5	1	1	0.00
2782660	Bradyrhizobium sp. 192	1	1	0.00
1325120	Bradyrhizobium sp. CCBAU 53421	1	1	0.00
2840469	Bradyrhizobium sediminis	1	1	0.00
2806346	Rhizobium sp. SL42	1	1	0.00
3039157	Rhizobium sp. CB3171	1	1	0.00
359	Rhizobium rhizogenes	1	1	0.00
2267833	Rhizobium oryzihabitans	1	1	0.00
399	Neorhizobium galegae	1	1	0.00
515361	Neorhizobium petrolearium	1	1	0.00
382	Sinorhizobium meliloti	1	0	0.00
194963	Sinorhizobium americanum	1	0	0.00
716925	Sinorhizobium sojae	1	0	0.00
1969821	Ciceribacter thiooxidans	1	1	0.00
925818	Methylobacterium sp. AMS5	1	1	0.00
2202826	Methylobacterium sp. 17Sr1-1	1	1	0.00
408	Methylorubrum extorquens	1	1	0.00
223967	Methylorubrum populi	1	0	0.00
227605	Methylocella tundrae	1	1	0.00
529	Brucella anthropi	1	1	0.00
2065378	Breoghania sp.	1	1	0.00
173366	Methylocystis rosea	1	1	0.00
1526658	Bosea vaviloviae	1	1	0.00
38323	Bartonella henselae	1	1	0.00
2500532	Paracoccus sp. Arc7-R13	1	1	0.00
2760307	Paracoccus sp. MC1862	1	1	0.00
3042299	Fuscovulum ytuae	1	1	0.00
2508306	Leisingera sp. NJS201	1	1	0.00
681157	Phaeobacter sp. LSS9	1	1	0.00
1943633	Ponticoccus alexandrii	1	1	0.00
2883100	Pseudosulfitobacter sp. DSM 107133	1	1	0.00
2434	Roseobacter denitrificans	1	1	0.00
2482763	Sphingopyxis sp. YF1	1	1	0.00
2565556	Sphingopyxis sp. PAMC25046	1	1	0.00
627192	Sphingobium sp. SYK-6	1	1	0.00
2970925	Sphingobium sp. JS3065	1	1	0.00
120107	Sphingobium cloacae	1	1	0.00
1332080	Sphingobium baderi	1	1	0.00
2698673	Novosphingobium decolorationis	1	1	0.00
160791	Rhizorhabdus wittichii	1	1	0.00
2711156	Rhizorhabdus phycosphaerae	1	1	0.00
2711215	Sphingosinithalassobacter tenebrarum	1	1	0.00
2872646	Caenibius sp. WL	1	1	0.00
335406	Sphingosinicella microcystinivorans	1	1	0.00
438	Acetobacter pasteurianus	1	1	0.00
33996	Gluconacetobacter diazotrophicus	1	0	0.00
2781901	uncultured Lichenicoccus sp.	1	1	0.00
2579977	Brevundimonas sp. SGAir0440	1	1	0.00
169402	Wolbachia endosymbiont of Folsomia candida	1	1	0.00
160808	Acidithiobacillus ferrivorans	1	0	0.00
2654193	Microbacterium sp. JZ37	1	1	0.00
3142976	Microbacterium sp. AZCO	1	1	0.00
2763257	Microbacterium sp. YJN-G	1	1	0.00
2962064	Microbacterium sp. M28	1	1	0.00
2981139	Microbacterium sp. AB	1	1	0.00
3049070	Microbacterium sp. zg-B185	1	1	0.00
3135260	Microbacterium sp. LWH13-1.2	1	1	0.00
1696072	Microbacterium sp. CGR1	1	1	0.00
2014534	Microbacterium sp. PM5	1	1	0.00
1906742	Microbacterium sp. BH-3-3-3	1	1	0.00
2567934	Microbacterium sp. 4R-513	1	1	0.00
33883	Microbacterium arborescens	1	1	0.00
936337	Microbacterium amylolyticum	1	1	0.00
515415	Microbacterium invictum	1	1	0.00
1816425	Microbacterium plantarum	1	1	0.00
2782169	Microbacterium cremeum	1	1	0.00
273678	Microbacterium hydrocarbonoxydans	1	1	0.00
340320	Leucobacter luti	1	1	0.00
2873270	Leucobacter tenebrionis	1	1	0.00
1897061	Cryobacterium sp. SO1	1	1	0.00
2750620	Microcella indica	1	1	0.00
684552	Agrococcus carbonis	1	1	0.00
2773266	Agreia sp. COWG	1	1	0.00
2583822	Plantibacter sp. M259	1	1	0.00
2994664	Frigoribacterium sp. SL97	1	1	0.00
2768071	Clavibacter zhangzhiyongii	1	1	0.00
857417	Janibacter indicus	1	1	0.00
37923	Rothia kristinae	1	1	0.00
71999	Kocuria palustris	1	1	0.00
1270	Micrococcus luteus	1	1	0.00
3140789	Arthrobacter sp. TMP15	1	1	0.00
2830993	Arthrobacter sp. StoSoilB13	1	1	0.00
1667	Arthrobacter sp.	1	1	0.00
2651199	Arthrobacter sp. CDRTa11	1	1	0.00
37928	Arthrobacter crystallopoietes	1	1	0.00
2600320	Nesterenkonia sp. NBAIMH1	1	1	0.00
2017484	Brachybacterium vulturis	1	1	0.00
2017485	Brachybacterium avium	1	1	0.00
273384	Brevibacterium aurantiacum	1	1	0.00
2999062	Brevibacterium sp. BRM-1	1	1	0.00
3064286	Mycolicibacterium sp. MU0053	1	1	0.00
258505	Mycolicibacterium fluoranthenivorans	1	1	0.00
2761578	Mycolicibacterium baixiangningiae	1	1	0.00
1789	Mycobacterium xenopi	1	1	0.00
141349	Mycobacterium lentiflavum	1	1	0.00
386911	Mycobacterium seoulense	1	1	0.00
78331	Mycobacterium canetti	1	0	0.00
1725	Corynebacterium xerosis	1	1	0.00
1718	Corynebacterium glutamicum	1	1	0.00
38289	Corynebacterium jeikeium	1	1	0.00
2080757	Corynebacterium pseudopelargi	1	1	0.00
2742602	Gordonia sp. X0973	1	1	0.00
84595	Gordonia polyisoprenivorans	1	1	0.00
2962047	Rhodococcus sp. Z13	1	1	0.00
1829	Rhodococcus rhodochrous	1	1	0.00
334542	Rhodococcus qingshengii	1	1	0.00
2975990	Nocardia sp. NBC_00403	1	1	0.00
2975992	Nocardia sp. NBC_00508	1	1	0.00
2755382	Nocardia huaxiensis	1	1	0.00
2749991	Nocardia gipuzkoensis	1	1	0.00
96468	Nocardia vinacea	1	1	0.00
135487	Nocardia cyriacigeorgica	1	1	0.00
480035	Nocardia wallacei	1	1	0.00
2840457	Nocardioides sp. LMS-CY	1	1	0.00
3095076	Nocardioides sp. HM61	1	1	0.00
2996826	Nocardioides sp. Arc9.136	1	1	0.00
2884264	Nocardioides sp. Kera G14	1	1	0.00
2714939	Nocardioides sp. HDW12B	1	1	0.00
196162	Nocardioides sp. JS614	1	1	0.00
2663857	Nocardioides marmotae	1	1	0.00
2558918	Nocardioides cynanchi	1	1	0.00
2714938	Nocardioides piscis	1	1	0.00
2518370	Nocardioides euryhalodurans	1	1	0.00
1542737	Nocardioides marmorisolisilvae	1	1	0.00
160826	Nocardioides aquaticus	1	1	0.00
3009077	Aeromicrobium sp. HA	1	1	0.00
2672569	Microlunatus sp. Gsoil 973	1	1	0.00
119981	Propionibacterium australiense	1	1	0.00
33010	Cutibacterium avidum	1	1	0.00
211114	Allokutzneria albata	1	1	0.00
1653480	Alloactinosynnema sp. L-07	1	1	0.00
2975952	Actinomycetospora sp. NBC_00405	1	1	0.00
1470176	Actinoalloteichus hoggarensis	1	1	0.00
2903669	Streptomyces sp. NBC_00659	1	1	0.00
2791991	Streptomyces sp. MUM 178J	1	1	0.00
2976008	Streptomyces sp. NBC_00223	1	1	0.00
3026192	Streptomyces sp. SCA4-21	1	1	0.00
3062449	Streptomyces sp. VNUA116	1	1	0.00
1855352	Streptomyces sp. TLI_053	1	1	0.00
2662065	Streptomyces sp. SYP-A7193	1	1	0.00
2903649	Streptomyces sp. NBC_00435	1	1	0.00
1577075	Streptomyces sp. PBH53	1	1	0.00
2720714	Streptomyces sp. 891-h	1	1	0.00
2949637	Streptomyces sp. Caat 7-52	1	1	0.00
2903783	Streptomyces sp. NBC_01224	1	1	0.00
2898276	Streptomyces sp. MRC013	1	1	0.00
2866715	Streptomyces sp. BHT-5-2	1	1	0.00
3118085	Streptomyces sp. SCSIO 30461	1	1	0.00
2203205	Streptomyces sp. WAC 01529	1	1	0.00
355249	Streptomyces sp. Tu6071	1	1	0.00
2838850	Streptomyces sp. 135	1	1	0.00
1911	Streptomyces griseus	1	0	0.00
2014920	Streptomyces capitiformicae	1	1	0.00
2768066	Streptomyces roseirectus	1	1	0.00
2548456	Streptomyces aquilus	1	1	0.00
54571	Streptomyces venezuelae	1	1	0.00
80860	Streptomyces cyanogenus	1	1	0.00
1642299	Streptomyces alfalfae	1	1	0.00
1889	Streptomyces ambofaciens	1	1	0.00
235987	Streptomyces jietaisiensis	1	1	0.00
1901	Streptomyces clavuligerus	1	1	0.00
1955412	[Actinomadura] parvosata	1	0	0.00
46165	Actinomadura verrucosospora	1	1	0.00
2498135	Streptomonospora litoralis	1	1	0.00
1798224	Jiangella sp. DSM 45060	1	1	0.00
122358	Actinoplanes ianthinogenes	1	1	0.00
2975976	Micromonospora sp. NBC_00421	1	1	0.00
2975988	Micromonospora sp. NBC_01813	1	1	0.00
2975986	Micromonospora sp. NBC_01740	1	1	0.00
2975987	Micromonospora sp. NBC_01796	1	1	0.00
47857	Micromonospora echinaurantiaca	1	1	0.00
3016090	Solwaraspora sp. WMMD937	1	1	0.00
338584	Polymorphospora rubra	1	1	0.00
1318	Streptococcus parasanguinis	1	0	0.00
1234680	Streptococcus rubneri	1	1	0.00
1366	Lactococcus raffinolactis	1	1	0.00
2496265	Jeotgalibaca ciconiae	1	1	0.00
2099788	Lactobacillus sp. CBA3605	1	1	0.00
1604	Lactobacillus amylovorus	1	0	0.00
1249	Weissella paramesenteroides	1	1	0.00
2923362	Bombilactobacillus folatiphilus	1	1	0.00
2060307	Enterococcus sp. FDAARGOS_375	1	1	0.00
71452	Enterococcus raffinosus	1	1	0.00
37734	Enterococcus casseliflavus	1	0	0.00
33945	Enterococcus avium	1	1	0.00
51669	Tetragenococcus halophilus	1	1	0.00
2921497	Lysinibacillus sp. FSL K6-3209	1	1	0.00
2980027	Fervidibacillus halotolerans	1	1	0.00
2598861	Shouchella miscanthi	1	1	0.00
3131995	Tepidibacillus sp. LSZ-M11000	1	1	0.00
2921399	Paenibacillus sp. FSL H8-0537	1	1	0.00
2996034	Paenibacillus sp. SYP-B4298	1	1	0.00
3049075	Paenibacillus sp. PK1-4R	1	1	0.00
2909671	Paenibacillus spongiae	1	1	0.00
61015	Staphylococcus succinus	1	1	0.00
283734	Staphylococcus pseudintermedius	1	1	0.00
522262	Staphylococcus rostri	1	1	0.00
2708346	Jeotgalicoccus sp. WY2	1	1	0.00
657323	Ruminococcus sp. SR1/5	1	1	0.00
2929491	Faecalibacterium sp. HTF-F	1	1	0.00
253239	Ethanoligenens harbinense	1	1	0.00
1550024	Ruthenibacterium lactatiformans	1	1	0.00
3070681	Clostridium sp. OS1-26	1	1	0.00
29341	Clostridium argentinense	1	1	0.00
84032	Clostridium thermosuccinogenes	1	1	0.00
2041044	Eubacterium maltosivorans	1	1	0.00
40520	Blautia obeum	1	0	0.00
208479	Enterocloster bolteae	1	1	0.00
33038	Mediterraneibacter gnavus	1	1	0.00
1261634	Roseburia sp. 499	1	1	0.00
39491	Agathobacter rectalis	1	1	0.00
2173034	Petrocella atlantisensis	1	1	0.00
433296	Aminipila butyrica	1	1	0.00
39777	Veillonella atypica	1	1	0.00
1675036	Megasphaera hexanoica	1	1	0.00
1982626	Faecalibacillus intestinalis	1	1	0.00
2583452	Amedibacterium intestinale	1	1	0.00
2806443	Turicibacter sp. TJ11	1	1	0.00
1889240	Deinococcus rubellus	1	1	0.00
103690	Nostoc sp. PCC 7120 = FACHB-418	1	1	0.00
2864040	Chryseobacterium sp. LJ668	1	1	0.00
2487064	Chryseobacterium sp. G0186	1	1	0.00
3042315	Chryseobacterium sp. wdc7	1	1	0.00
1324352	Chryseobacterium gallinarum	1	1	0.00
192389	Chryseobacterium daecheongense	1	1	0.00
2956784	Chryseobacterium paludis	1	1	0.00
1416779	Epilithonimonas zeae	1	1	0.00
1310418	Flavobacterium gyeonganense	1	1	0.00
683124	Flavobacterium haoranii	1	1	0.00
323273	Nonlabens tegetincola	1	1	0.00
2058134	Nonlabens sp. MB-3u-79	1	1	0.00
2698672	Flagellimonas oceani	1	1	0.00
63186	Zobellia galactanivorans	1	1	0.00
2715212	Bacteroides faecium	1	1	0.00
46506	Bacteroides stercoris	1	1	0.00
357276	Phocaeicola dorei	1	1	0.00
2585119	Alistipes dispar	1	1	0.00
1965590	Barnesiella sp. An22	1	1	0.00
823	Parabacteroides distasonis	1	1	0.00
46503	Parabacteroides merdae	1	1	0.00
1217282	Parabacteroides faecis	1	1	0.00
2951805	Parabacteroides sp. AD58	1	1	0.00
2518971	Duncaniella dubosii	1	1	0.00
1940525	Labilibaculum manganireducens	1	1	0.00
2027860	Mucilaginibacter rubeus	1	1	0.00
930972	Porifericola rhodea	1	1	0.00
2904246	Fulvivirga ligni	1	1	0.00
661481	Flavisolibacter ginsenosidimutans	1	1	0.00
182210	Pseudodesulfovibrio aespoeensis	1	0	0.00
2035858	uncultured Pseudodesulfovibrio sp.	1	1	0.00
901	Desulfovibrio piger	1	1	0.00
2604158	Nitratidesulfovibrio liaohensis	1	1	0.00
58180	Oleidesulfovibrio alaskensis	1	0	0.00
1603606	Desulfuromonas soudanensis	1	1	0.00
2802975	Desulfuromonas versatilis	1	1	0.00
29543	Pelobacter propionicus	1	0	0.00
19	Syntrophotalea carbinolica	1	0	0.00
427923	Desulfurivibrio alkaliphilus	1	0	0.00
240139	uncultured Desulfobacter sp.	1	1	0.00
218208	Desulfatibacillum aliphaticivorans	1	1	0.00
1621989	Candidatus Desulfofervidus auxilii	1	1	0.00
316277	Syntrophus aciditrophicus	1	0	0.00
2593672	Arcobacter sp. FWKO B	1	1	0.00
28198	Aliarcobacter cryaerophilus	1	1	0.00
603050	Malaciobacter mytili	1	0	0.00
1032072	Malaciobacter molluscorum	1	0	0.00
195	Campylobacter coli	1	1	0.00
1031542	Campylobacter volucris	1	1	0.00
2527979	Stieleria neptunia	1	1	0.00
107709	Opitutus terrae	1	0	0.00
83453	Melittangium boletus	1	0	0.00
83451	Archangium violaceum	1	1	0.00
34	Myxococcus xanthus	1	1	0.00
76859	Fusobacterium animalis	1	1	0.00
158	Treponema denticola	1	1	0.00
3026162	Halosimplex aquaticum	1	1	0.00
2610902	Halomicrobium sp. LC1Hm	1	1	0.00
